Timestamp (UTC),Rear Left Tire Pressure (Bar)
"2025-06-25 00:56:04","2.925"
"2025-06-25 01:24:33","2.725"
"2025-06-25 03:05:36","2.900"
"2025-06-25 03:58:32","2.875"
"2025-06-25 05:42:39","2.875"
"2025-06-25 07:00:55","2.675"
"2025-06-25 16:07:48","2.850"
"2025-06-25 20:02:18","2.825"
"2025-06-25 22:12:46","2.925"
"2025-06-26 00:28:54","2.900"
"2025-06-26 01:59:53","2.925"
"2025-06-26 02:20:55","2.850"
"2025-06-26 04:48:55","2.700"
"2025-06-26 06:18:53","2.725"
"2025-06-26 17:06:13","2.675"
"2025-06-26 17:43:22","2.625"
"2025-06-26 19:21:14","2.800"
"2025-06-26 19:38:46","2.750"
"2025-06-26 21:01:37","2.850"
"2025-06-26 22:26:49","2.825"
"2025-06-26 22:55:23","2.850"
"2025-06-27 00:29:49","2.850"
"2025-06-27 02:41:38","2.800"
"2025-06-27 03:11:30","2.800"
"2025-06-27 04:58:34","2.700"
"2025-06-27 06:24:18","2.625"
"2025-06-27 07:41:38","2.550"
"2025-06-27 18:19:40","2.900"
"2025-06-27 18:37:38","2.850"
"2025-06-27 21:36:14","2.950"
"2025-06-27 23:22:27","3.000"
"2025-06-28 01:33:12","2.975"
"2025-06-28 03:17:33","2.900"
"2025-06-28 05:57:28","2.750"
"2025-06-28 06:23:21","2.725"
"2025-06-28 17:58:41","2.850"
"2025-06-28 19:32:09","2.900"
"2025-06-28 21:36:19","2.950"
"2025-06-28 22:14:22","2.850"
"2025-06-28 23:01:52","2.875"
"2025-06-29 02:37:55","2.800"
"2025-06-29 05:56:45","2.800"
"2025-06-29 06:23:12","2.750"
"2025-06-29 06:35:10","2.725"
"2025-06-29 16:38:11","2.750"
"2025-06-29 16:59:47","2.775"
"2025-06-29 20:03:37","2.800"
"2025-06-29 21:36:28","2.950"
"2025-06-29 23:16:47","3.000"
"2025-06-29 23:45:54","2.900"
"2025-06-30 01:21:06","3.000"
"2025-06-30 02:47:22","2.950"
"2025-06-30 02:56:57","2.950"
"2025-06-30 04:13:41","2.850"
"2025-06-30 05:05:19","2.850"
"2025-06-30 18:14:05","2.950"
"2025-06-30 19:28:11","2.950"
"2025-06-30 19:56:55","2.900"
"2025-06-30 20:23:07","2.800"
"2025-06-30 22:03:37","3.025"
"2025-07-01 00:24:19","2.850"
"2025-07-01 02:02:58","2.825"
"2025-07-01 02:09:34","2.800"
"2025-07-01 03:13:59","2.800"
"2025-07-01 04:32:55","2.800"
"2025-07-01 14:45:38","2.700"
"2025-07-01 15:08:49","2.700"
"2025-07-01 15:51:13","2.725"
"2025-07-01 16:16:35","2.800"
"2025-07-01 19:04:31","2.875"
"2025-07-01 19:27:37","2.850"
"2025-07-01 20:01:33","2.825"
"2025-07-01 20:11:07","2.825"
"2025-07-01 21:15:04","2.850"
"2025-07-02 02:10:55","2.700"
"2025-07-02 04:08:08","2.700"
"2025-07-02 05:02:38","2.750"
"2025-07-02 05:48:35","2.675"
"2025-07-02 17:02:16","2.775"
"2025-07-02 18:36:57","2.900"
"2025-07-02 19:54:31","2.925"
"2025-07-02 21:36:06","2.950"
"2025-07-02 22:18:30","2.850"
"2025-07-02 23:23:07","2.925"
"2025-07-03 01:19:22","2.900"
"2025-07-03 18:26:14","2.725"
"2025-07-03 19:15:47","3.100"
"2025-07-03 21:09:29","3.150"
"2025-07-03 22:50:56","3.150"
"2025-07-04 01:57:21","3.125"
"2025-07-04 02:23:28","3.050"
"2025-07-04 03:22:42","3.125"
"2025-07-04 04:43:42","3.050"
"2025-07-04 06:50:52","3.000"
"2025-07-04 21:52:48","3.025"
"2025-07-05 04:50:23","3.000"
"2025-07-05 05:04:41","2.925"
"2025-07-05 07:18:02","2.950"
"2025-07-05 20:39:14","2.950"
"2025-07-05 23:13:33","2.950"
"2025-07-06 00:42:22","2.975"
"2025-07-06 02:28:58","3.000"
"2025-07-06 03:35:28","3.000"
"2025-07-06 04:19:36","2.975"
"2025-07-06 05:40:11","2.950"
"2025-07-06 20:36:16","2.975"
"2025-07-06 22:24:17","3.000"
"2025-07-06 22:47:37","3.000"
"2025-07-07 16:08:48","2.925"
"2025-07-08 00:15:18","2.875"
"2025-07-08 03:03:10","3.025"
"2025-07-08 05:16:44","2.950"
"2025-07-08 05:30:40","2.975"
"2025-07-08 23:02:56","2.950"
"2025-07-08 23:47:05","2.975"
"2025-07-09 01:06:38","3.050"
"2025-07-09 19:40:05","2.900"
"2025-07-09 21:39:52","3.050"
"2025-07-09 22:39:34","3.050"
"2025-07-10 00:04:38","3.075"
"2025-07-10 02:02:29","3.050"
"2025-07-10 02:57:09","3.075"
"2025-07-10 04:43:25","2.950"
"2025-07-10 15:22:46","2.800"
"2025-07-10 17:55:48","2.950"
"2025-07-10 19:13:18","3.025"
"2025-07-10 19:15:34","3.025"
"2025-07-10 20:11:10","3.075"
"2025-07-10 20:37:06","3.025"
"2025-07-10 22:20:38","3.000"
"2025-07-10 23:59:21","2.950"
"2025-07-11 02:14:03","3.025"
"2025-07-11 03:13:46","3.050"
"2025-07-11 04:59:16","2.950"
"2025-07-11 05:08:15","2.925"
"2025-07-11 18:13:22","2.775"
"2025-07-11 19:02:50","2.850"
"2025-07-11 20:05:37","2.900"
"2025-07-11 21:23:44","2.825"
"2025-07-11 22:00:08","3.225"
"2025-07-12 00:27:59","3.150"
"2025-07-12 03:03:23","3.275"
"2025-07-12 03:42:59","3.175"
"2025-07-12 04:33:02","3.100"
"2025-07-12 05:25:52","3.100"
"2025-07-12 18:48:22","3.275"
"2025-07-12 20:59:40","3.275"
"2025-07-12 22:34:46","3.350"
"2025-07-13 00:19:40","3.275"
"2025-07-13 00:59:05","3.225"
"2025-07-13 18:51:51","3.175"
"2025-07-13 20:06:38","3.175"
"2025-07-13 21:15:58","3.175"
"2025-07-13 22:50:22","3.300"
"2025-07-14 02:25:52","3.150"
"2025-07-14 03:53:02","3.100"
"2025-07-14 04:36:48","3.050"
"2025-07-14 06:18:20","3.050"
"2025-07-14 18:05:56","3.125"
"2025-07-14 18:55:03","3.175"
"2025-07-14 19:39:52","3.175"
"2025-07-14 20:47:31","3.250"
"2025-07-14 21:12:35","3.225"
"2025-07-14 22:58:23","3.325"
"2025-07-14 23:35:17","3.325"
"2025-07-15 02:08:19","3.350"
"2025-07-15 02:58:35","3.325"
"2025-07-15 03:46:57","3.250"
"2025-07-15 04:47:36","3.225"
"2025-07-15 09:03:03","3.200"
"2025-07-15 09:31:26","3.075"
"2025-07-15 09:41:57","3.075"
"2025-07-15 13:33:56","3.100"
"2025-07-15 14:41:12","3.050"
"2025-07-15 20:02:05","3.350"
"2025-07-15 22:03:02","3.125"
"2025-07-15 23:10:03","3.300"
"2025-07-16 01:28:27","3.275"
"2025-07-16 01:55:37","3.250"
"2025-07-16 02:18:52","3.150"
"2025-07-16 21:37:27","3.175"
"2025-07-17 00:18:37","3.275"
"2025-07-17 01:51:42","3.250"
"2025-07-17 02:20:28","3.225"
"2025-07-17 16:47:45","3.175"
"2025-07-17 17:57:20","3.175"
"2025-07-17 19:58:01","3.325"
"2025-07-17 22:41:49","3.275"
"2025-07-17 23:16:34","3.225"
"2025-07-18 00:45:58","3.175"
"2025-07-18 01:43:00","3.250"
"2025-07-18 02:19:43","3.200"
"2025-07-18 03:44:47","3.125"
"2025-07-18 04:51:23","3.075"
"2025-07-18 17:00:00","3.025"
"2025-07-18 20:07:01","3.100"
"2025-07-18 21:45:50","3.275"
"2025-07-18 23:20:09","3.200"
"2025-07-19 01:13:42","3.225"
"2025-07-19 03:16:38","3.175"
"2025-07-19 04:00:27","3.175"
"2025-07-19 04:57:05","3.125"
"2025-07-19 10:04:40","2.925"
"2025-07-19 18:17:41","3.250"
"2025-07-19 20:35:51","3.325"
"2025-07-19 23:06:45","3.300"
"2025-07-19 23:21:58","3.225"
"2025-07-20 01:17:39","3.300"
"2025-07-20 02:36:04","3.225"
"2025-07-20 03:21:37","3.175"
"2025-07-20 03:58:31","3.100"
"2025-07-20 17:56:14","3.275"
"2025-07-20 18:19:15","3.150"
"2025-07-20 19:48:30","3.250"
"2025-07-20 20:58:52","3.250"
"2025-07-20 21:55:30","3.125"
"2025-07-20 23:47:59","3.025"
"2025-07-21 00:52:58","3.100"
"2025-07-21 02:03:41","3.050"
"2025-07-21 04:21:58","2.950"
"2025-07-21 07:08:50","2.975"
"2025-07-21 08:43:57","2.950"
"2025-07-21 18:15:18","3.000"
"2025-07-21 19:38:00","3.125"
"2025-07-21 21:00:31","3.175"
"2025-07-21 23:34:53","3.250"
"2025-07-22 01:20:35","3.200"
"2025-07-22 03:15:26","3.200"
"2025-07-22 04:33:59","3.150"
"2025-07-22 05:44:47","3.100"
"2025-07-22 07:15:40","3.150"
"2025-07-22 17:15:26","2.975"
"2025-07-22 22:31:52","3.200"
"2025-07-23 00:40:12","3.200"
"2025-07-23 01:02:29","3.150"
"2025-07-23 01:40:43","3.100"
"2025-07-23 21:09:55","3.250"
"2025-07-23 22:43:18","3.225"
"2025-07-24 00:09:55","3.250"
"2025-07-24 02:21:11","3.075"
"2025-07-24 18:37:29","3.250"
"2025-07-24 19:29:16","3.350"
"2025-07-24 21:12:16","3.275"
"2025-07-24 21:47:34","3.225"
"2025-07-24 22:29:46","3.250"
"2025-07-24 23:27:26","3.200"
"2025-07-25 16:57:00","3.250"
"2025-07-25 18:09:31","3.350"
"2025-07-25 19:42:46","3.250"
"2025-07-25 20:11:41","3.125"
"2025-07-25 21:26:54","3.175"
"2025-07-25 22:13:59","3.175"
"2025-07-26 00:23:25","3.225"
